,STOCK,CURRPRICE
0,opnt,13.37
1,flic,24.23
2,grvy,37.67
3,cstr,16.51
4,mygn,29.3
5,jmu,0.98
6,kelya,22.45
7,axas,0.34
8,vrsk,160.86
9,dhc,8.77
10,ctrm,1.84
11,feye,17.42
12,rbcaa,46.16
13,avt,42.29
14,yvr,1.82
15,irix,3.41
16,bsmq,25.31
17,ancn,1.47
18,nlnk,1.99
19,txrh,57.13
20,mnro,76.6
21,jasn,0.19
22,cizn,21.51
23,usau,0.9
24,tffp,5.2
25,brkr,54.14
26,mric,5.88
27,cmct,14.62
28,clct,24.43
29,fuv,1.64
30,pdlb,14.69
31,tgen,2.14
32,pdd,39.84
33,fat,4.65
34,imkta,43.31
35,emxc,52.22
36,yrcw,3.21
37,sivb,253.18
38,grsh,10.86
39,coll,23.92
40,mogo,2.85
41,dmrc,36.1
42,act,25.84
43,sfst,42.69
44,stxb,22.76
45,fult,17.6
46,fele,60.44
47,jbht,114.57
48,ofix,47.75
49,achn,6.25
50,cbrl,160
51,odfl,206.94
52,zlab,51.79
53,tkks,10.21
54,orgo,5.37
55,ctso,4.7
56,cnxn,53.19
57,zyxi,10.72
58,sncr,5.94
59,lscc,21.51
60,aezs,1.05
61,hcci,30.31
62,ibkcp,27.88
63,mchp,109.08
64,rnlc,25.48
65,nhtc,5.29
66,czr,13.75
67,anss,269.2
68,ubsi,38.33
69,thbru,10.6
70,clrg,27.45
71,gaia,8.89
72,marps,2.05
73,bcml,22.7
74,fund,7.47
75,asmb,17.92
76,fmnb,16.25
77,mlnx,119.9
78,sxtc,0.94
79,pnfp,63.6
80,has,104.38
81,aehr,1.92
82,hcacu,10.9
83,rdvt,20.33
84,ent,0.47
85,sspku,10.18
86,fivn,73.97
87,ortx,15.02
88,pdp,67.18
89,ahpi,1.64
90,tast,5.6
91,achv,0.63
92,ftxn,16.11
93,jack,80.48
94,ueps,3.74
95,grpn,2.9
96,xtlb,1.26
97,jagx,0.83
98,ophc,2.86
99,acamu,10.32
100,psl,75.84
101,cbfv,30.07
102,mntx,5.76
103,lbrda,129.14
104,qfin,9.1
105,spro,9.14
106,titn,14.11
107,ssnt,3.29
108,atnx,15.57
109,ltrx,3.76
110,mmlp,4.71
111,ktcc,6.67
112,siri,7.21
113,dtea,1.57
114,lone,2.25
115,agen,3.89
116,sfbs,37.47
117,avgo,308.66
118,hurc,33.67
119,redu,7.15
120,thrm,48.08
121,sny,51.28
122,qbak,5.85
123,wprt,2.75
124,angi,9.36
125,intc,59.98
126,usws,1.88
127,asnd,140.15
128,imxi,12.41
129,oesx,4.3
130,pvac,29.16
131,spwr,8.87
132,mdjh,3
133,urgn,34.86
134,sigi,68.37
135,icmb,7.04
136,gsbc,63.27
137,form,27.29
138,jsml,48.17
139,gsm,1.06
140,qcrh,42.96
141,ulbi,7.33
142,ecol,55.09
143,lcut,7.37
144,kgji,1.99
145,vktx,7.44
146,trmb,44.04
147,nick,8.45
148,xlnx,101.89
149,umrx,0.95
150,plya,7.57
151,kalv,17.89
152,nwfl,37.98
153,expo,72.88
154,poai,3.3
155,mict,1.25
156,stnd,30.65
157,sckt,1.71
158,fate,24.68
159,infn,8.27
160,gvp,1.8
161,ziop,5
162,bnft,21.11
163,veco,16.56
164,qure,66.65
165,mosy,1.92
166,wen,21.55
167,lsxmb,48.6
168,vets,33.07
169,batra,29.99
170,jcom,103.84
171,wrls,10.05
172,avro,20.95
173,omab,64.18
174,sava,8.5
175,splk,161.49
176,icui,189.02
177,prpo,2.11
178,nmrk,12.23
179,merc,12.89
180,auto,2.4
181,rndm,52.85
182,fllcu,10.12
183,smbk,23.63
184,mgnx,11.66
185,ftag,23.57
186,oxbr,1.09
187,vod,20.17
188,prgs,52.49
189,rtlr,17.17
190,lndc,11.4
191,cnfr,3.97
192,ttph,3.11
193,oprt,22.37
194,mtbc,4.81
195,bjri,39.94
196,aldx,6.45
197,cclp,2.43
198,faln,27.41
199,hfbl,35.25
200,sona,15.9
201,ttgt,25.89
202,klic,27.75
203,flws,15.08
204,etsy,51.12
205,bfit,22.38
206,newa,4.05
207,vvpr,1.08
208,nesr,8.92
209,ufcs,46.36
210,cy,23.38
211,ship,0.5
212,obln,1.91
213,phio,9.51
214,wday,183
215,cjjd,1.73
216,lpth,0.69
217,blbd,22.28
218,icpt,110.14
219,petq,31.34
220,krnt,40.53
221,synl,12.97
222,hbmd,17.31
223,twin,10.97
224,psec,6.59
225,htht,38.99
226,hafc,19.59
227,wlfc,59.14
228,sga,30.92
229,tmus,81.95
230,abilf,0.32
231,innt,0.66
232,prvl,18.08
233,avnw,14.62
234,itri,87.1
235,cwst,50.77
236,mesa,9.44
237,mat,14.06
238,ebay,35.32
239,hznp,38.44
240,arcc,19.07
241,dxpe,39.55
242,ctxs,117.15
243,dwus,26.02
244,bkepp,5.46
245,lyts,6.33
246,mram,4.95
247,igib,58.34
248,simo,50.6
249,anip,61.58
250,manh,85.67
251,lbtyk,20.72
252,ww,42.72
253,virt,15.61
254,webk,43.25
255,xray,60.02
256,dwaq,133.69
257,irwd,12.8
258,tile,17.29
259,trpx,0.8
260,vcnx,5.1
261,jrsh,6.2
262,enlv,8.54
263,btec,39.92
264,pebo,35.11
265,rarx,47.02
266,ntra,37.26
267,olli,54.68
268,ekso,0.38
269,cpsh,1
270,stba,40.25
271,ug,20.05
272,brp,16.6
273,nuan,19.82
274,casy,167.99
275,rbnc,22.55
276,cxdc,2.17
277,dgicb,12.9
278,isee,6.67
279,ffic,21.27
280,sonm,3.84
281,vnet,11
282,oprx,10.72
283,pmd,10.65
284,cffi,52.7
285,glg,1.46
286,slmbp,56.25
287,cycn,3.45
288,nebuu,11.09
289,frph,52.29
290,wsbf,18.62
291,inov,20.13
292,bvxv,10.69
293,true,4.34
294,mrbk,20.39
295,viac,40.01
296,fcfs,85.31
297,tsco,91.14
298,isds,24.78
299,bmra,2.95
300,aeri,24.05
301,wstl,1.04
302,cdlx,84.86
303,burg,0.62
304,spi,2.09
305,niu,8.64
306,laws,56.3
307,alacu,10.52
308,road,17.52
309,qlys,85.89
310,lacq,10.41
311,albo,26.23
312,xcur,2.49
313,csf,40.01
314,hndl,24.59
315,sbfg,19.1
316,caro,43
317,clir,1.02
318,cue,16.98
319,hjli,0.61
320,drna,21.38
321,iii,2.73
322,gpre,13.39
323,iuss,25.35
324,tcfc,33.74
325,dwsh,22.46
326,scwx,16.66
327,akam,96
328,syke,37.06
329,espo,40.28
330,rose,1.31
331,sohoo,26.4
332,tmdx,19.41
333,prth,3.13
334,hlne,67.84
335,pxlw,4.06
336,tess,11.02
337,alpn,3.83
338,sbgi,33.85
339,logi,46.46
340,pcty,140
341,casa,3.98
342,amca,30.86
343,lmrko,25.9
344,algr,10.29
345,auph,19.94
346,lvgo,29.98
347,ntrsp,25.01
348,aker,3.48
349,nhld,2.78
350,hffg,16.64
351,adsk,192.38
352,nebu,10.5
353,imv,3.99
354,mjco,7.67
355,rgco,27.49
356,tzacu,10.61
357,cui,1.31
358,old,31.77
359,kblm,10.55
360,aset,31.04
361,buse,27.76
362,jazz,152.95
363,twou,21.9
364,fbss,21.59
365,fpxe,22.2
366,swir,10.24
367,mmac,31.61
368,tsg,25.23
369,cnet,1.43
370,sedg,102.9
371,lmnr,20.89
372,issc,5.37
373,ctg,6.13
374,sp,41.7
375,fmci,10.39
376,nept,2.9
377,lqda,6.22
378,chuy,25.48
379,hbio,3.21
380,msft,167.42
381,ubx,7.68
382,prah,106.41
383,lfus,192.13
384,evk,1.36
385,sbbx,24.59
386,ssbi,12.83
387,qada,53.01
388,slgn,31.55
389,chscn,28.25
390,iccc,4.96
391,sdg,67.64
392,wern,38.52
393,ambc,22.76
394,usio,1.68
395,clne,2.6
396,mrsn,7.6
397,fmao,30.57
398,driv,15.5
399,opbk,9.98
400,discb,36.78
401,sal,43.6
402,tedu,2.6
403,silc,35.54
404,xlrn,56.26
405,smrt,0.68
406,akrx,1.45
407,run,16.83
408,mbcn,25.36
409,sono,15.39
410,bcel,15.68
411,kndi,4.73
412,bsgm,5.44
413,igms,33.85
414,rnem,53.2
415,onb,18.51
416,nsec,15.37
417,inmd,45.12
418,evol,0.9
419,scvl,37.44
420,plse,14.38
421,gsky,9.18
422,snoa,4.99
423,ccmp,155.41
424,frbk,3.93
425,vive,1.04
426,prvb,16.1
427,krmd,5.51
428,dish,36.75
429,dwas,58.47
430,fcvt,34.29
431,kirk,1.37
432,pt,2.8
433,meso,8.44
434,trs,32.01
435,pets,26.75
436,supn,24.69
437,wtre,25.66
438,hyre,3.35
439,gbli,30.06
440,pdco,23.66
441,gh,83.83
442,cdl,51.01
443,gxtg,28.82
444,mxim,62.21
445,sbfgp,18.81
446,apog,34.54
447,ncbs,73.17
448,gtyh,6.37
449,omp,17.55
450,amrh,1.75
451,adap,4.51
452,gene,3.98
453,amag,12.45
454,vie,47.01
455,cbio,7.32
456,sgc,14.45
457,dogz,1.21
458,arql,20
459,nuro,3.79
460,oncs,2.08
461,tmsr,1.72
462,rave,1.63
463,shlo,3.52
464,ses,7.11
465,frsx,1.13
466,bmch,31
467,ntes,351.94
468,ndaq,108.46
469,nakd,1.18
470,ctib,1.6
471,urov,13.57
472,smed,4.48
473,sfm,17.33
474,prdo,19.24
475,andau,11.03
476,kffb,7.82
477,esge,36.96
478,pcsb,20.14
479,yin,6.4
480,amsf,68.8
481,jfk,10.14
482,cffau,10.87
483,nete,3.72
484,pho,39.82
485,zagg,7.7
486,robt,36.48
487,ardx,7.23
488,pays,9.77
489,aaon,53.11
490,mnclu,11.4
491,slgl,14.01
492,bfin,12.82
493,chscl,27.86
494,ircp,14.05
495,abtx,37.76
496,lpcn,0.56
497,fcap,71.99
498,imux,9.81
499,amba,63.73
500,efoi,0.62
501,cara,17.05
502,rgen,100.74
503,codx,1.07
504,mdwd,3.01
505,else,3.62
506,ovbc,38.44
507,smtc,55.17
508,mini,40.2
509,knsa,15.7
510,chci,2.18
511,catb,7.1
512,visl,0.28
513,estr,0.33
514,surf,3.42
515,geos,15.75
516,dare,1.65
517,fhb,28.97
518,ebtc,33.09
519,ncty,1.02
520,srce,51.84
521,bold,59.98
522,ewje,36.15
523,gmhi,10.54
524,alco,38
525,grmn,98.4
526,zionp,24.7
527,lnth,19.1
528,cez,27.02
529,qnst,14.6
530,tcx,66.58
531,goss,15.15
532,mgic,10.55
533,amswa,15.11
534,pdex,17.32
535,sbsi,37.66
536,gnss,3.4
537,hwbk,25.89
538,rp,57.96
539,fmbi,22.53
540,ttd,283.59
541,vc,90.03
542,bug,18.46
543,etfc,47.45
544,frta,14.1
545,ebsb,19.76
546,bbby,15.38
547,tdacu,10.53
548,nghcp,25.72
549,mtex,16.2
550,roseu,1.65
551,cxse,89.47
552,reg,63.22
553,mgyr,12.32
554,tayd,12.28
555,vrns,87.8
556,cpz,19.98
557,stx,61.51
558,denn,21.49
559,flgt,14.37
560,pcrx,44.09
561,alacw,0.06
562,jakk,1.1
563,atvi,60.61
564,qumu,2.62
565,bmrc,45.15
566,bpopm,26.83
567,msbi,28.95
568,cndt,5.87
569,mnkd,1.55
570,cyad,11.78
571,opgn,1.8
572,gigm,2.22
573,mcri,52.83
574,chef,38.78
575,turn,2.16
576,aste,43.54
577,fanh,26.88
578,gtim,1.77
579,pbbi,15.14
580,ifmk,0.63
581,actt,10.16
582,plpc,60.35
583,nbrv,1.5
584,rdi,11.08
585,bkng,2060
586,rmti,2.87
587,linc,2.29
588,nwbi,16.61
589,nh,1.51
590,nmih,33.35
591,apre,42.18
592,csgs,51.82
593,ius,28.36
594,trmt,5.7
595,spwh,6.6
596,snes,0.59
597,ceva,29.19
598,wbnd,27.07
599,stml,7.14
600,odp,2.51
601,ctrc,2.07
602,sypr,1
603,cssep,25.97
604,bntc,4.94
605,pbhc,14.08
606,fisi,32.39
607,mson,19.91
608,allt,9.75
609,fvcb,16.9
610,vff,6.25
611,sls,3.17
612,fcnca,531.29
613,saex,2.45
614,entg,55.39
615,avav,71.95
616,evgn,1.7
617,voxx,4.51
618,hwc,44.05
619,lx,14.2
620,nlok,27.92
621,dxlg,1.27
622,crvl,95.92
623,asln,2.8
624,coop,13.5
625,dphcu,10.26
626,ccrn,10.79
627,inbk,24.53
628,basi,5.54
629,colb,40.21
630,mbino,26.75
631,levl,25.58
632,holx,54.33
633,hcm,29.03
634,inve,6.39
635,rnmc,23.98
636,bcor,23.29
637,lake,11.04
638,lgnd,93.15
639,hain,26.1
640,diod,58.4
641,thtx,2.96
642,snps,150.31
643,worx,2.97
644,mpvd,0.9
645,acls,25.4
646,aacg,1.67
647,adma,4.61
648,ulta,278
649,eqrr,43.72
650,sibn,22.02
651,dspg,16
652,clwt,2.46
653,drtt,3.17
654,inwk,4.91
655,anda,10.13
656,viot,8.25
657,tlc,5.3
658,recn,16.41
659,obas,11.1
660,rwlk,2.13
661,goog,1462.91
662,egbn,47.47
663,intu,278.49
664,nws,15.25
665,sppi,3.33
666,bsms,25.34
667,snbr,48.8
668,ottr,54.09
669,klac,180.87
670,smmf,25.78
671,aey,2.19
672,ever,29.91
673,unit,7.94
674,herd,26.46
675,asml,300.9
676,byfc,1.49
677,next,5.94
678,rtrx,16.79
679,kins,8.18
680,lpla,99.42
681,tlnd,39.94
682,grts,10.82
683,rvnc,22.49
684,wba,54.69
685,iti,5.33
686,ibkc,75.98
687,tour,2.46
688,bwen,1.7
689,meli,671.49
690,tigo,48.09
691,vsec,35.81
692,mgta,14.52
693,apm,14.2
694,expcu,10.08
695,flnt,3.32
696,tndm,69.72
697,csse,8.42
698,lkfn,49.8
699,mpwr,181.57
700,slim,40.65
701,gds,55.15
702,pep,140.1
703,fenc,6.43
704,kbwb,57.21
705,zsan,1.49
706,iq,23.98
707,sats,43.4
708,tibr,10.64
709,hiho,1.83
710,evbg,89.29
711,jrjc,7.15
712,nxtd,0.43
713,bprn,31.35
714,fgbi,21.82
715,town,28.15
716,mysz,3.23
717,pwfl,8.25
718,dox,74.43
719,bgcp,5.9
720,sptn,13.72
721,cdev,4.55
722,lamr,92.51
723,fwp,6.5
724,clar,13.62
725,hbann,26.23
726,ingn,52.22
727,dmpi,0.64
728,fslr,54.05
729,sasr,37.25
730,spsc,58.42
731,nice,180.91
732,homb,20.7
733,puyi,5.69
734,alxn,113.15
735,extr,7.99
736,echo,23.2
737,vsda,36.6
738,regi,26.6
739,blin,1.51
740,axti,4.72
741,ftxl,42.79
742,prmw,14.82
743,jkhy,149.44
744,hcac,10.23
745,xncr,38.13
746,cbay,1.99
747,tcom,38.6
748,bhtg,1.96
749,kmph,0.41
750,dakt,6.23
751,ptc,81.07
752,gainl,26.26
753,axdx,18.15
754,htgm,0.68
755,chi,11.29
756,z,47.26
757,ccbg,29.24
758,gabc,35.9
759,dwpp,34.39
760,vuzi,1.95
761,nfinu,10.36
762,orsnu,10.18
763,algt,178.35
764,hrow,7.17
765,ntap,63.32
766,svmk,20.69
767,amph,20.24
768,ntec,0.54
769,rnsc,22.48
770,cgbd,14.03
771,acrs,1.97
772,mrcc,11.82
773,dwsn,2.51
774,jynt,16.33
775,tecd,144.25
776,isrg,600.55
777,txmd,2.4
778,prsc,67.33
779,vg,9.01
780,mgi,2.71
781,staa,42.29
782,abeo,2.57
783,bsvn,18.88
784,esgu,73.91
785,tw,45.73
786,cprx,4.31
787,yorw,47.51
788,evop,28.83
789,cnsl,4.2
790,ual,89.8
791,ades,11.18
792,lmnx,23.88
793,onvo,0.46
794,adro,1.36
795,fsbw,63.63
796,pwod,33.46
797,fid,18.41
798,amed,184.78
799,sino,0.46
800,wtfcm,29.85
801,moxc,2.02
802,iphs,31.98
803,gt,15.1
804,solo,2.35
805,trst,8.53
806,care,21.49
807,bomn,21.38
808,ddmx,10.21
809,gige,20.16
810,avid,9.27
811,brpa,11.63
812,cprt,97.3
813,twmc,2.42
814,susl,57.59
815,geny,43.75
816,ameh,18.57
817,bpr,19.5
818,spne,15.95
819,futu,12.13
820,pdsb,2.51
821,gwrs,12.7
822,cybr,140.97
823,cnbka,91.28
824,trvi,5.37
825,logc,7.62
826,pbts,3.85
827,cvet,14.98
828,docu,73.43
829,ntrs,108.73
830,icbk,26.6
831,any,0.91
832,snfca,5.9
833,inod,1.21
834,tcbip,26.24
835,spok,11.67
836,momo,38.18
837,zkin,1.69
838,gpro,4.36
839,agncn,26.31
840,pie,19.96
841,xone,7.06
842,rbb,21.01
843,tech,220.08
844,cbshp,26.7
845,hvbc,17.13
846,ftft,0.88
847,tsbk,28.2
848,crsau,10.5
849,ftacw,1.19
850,lasr,21.89
851,wtfc,69.1
852,fnlc,30.04
853,ntct,25.84
854,tcpc,14.13
855,lbtya,21.67
856,cvco,212.01
857,alac,10.36
858,aaxn,75.53
859,mgln,77.97
860,fsbc,17.18
861,cwco,16.48
862,cresy,6.23
863,jbss,89.92
864,akts,8.89
865,orly,442.68
866,smpl,25.11
867,saia,97.15
868,rckt,21.63
869,tc,1.65
870,chscp,28.85
871,fcal,53.92
872,foxa,39.28
873,peck,5.26
874,enob,5.2
875,tcda,35.09
876,rbz,1.59
877,ribt,1.29
878,livx,1.73
879,song,5.19
880,asrv,4.18
881,bpypp,26.16
882,nktr,23.87
883,aray,3.48
884,bcrx,2.87
885,tlgt,0.42
886,corv,0.39
887,silk,42.18
888,akba,7.86
889,fb,222.03
890,zvo,1.81
891,tanh,1.61
892,cass,57.3
893,aqms,0.73
894,pnnt,6.69
895,stay,14.31
896,acad,44.93
897,wsfs,43.48
898,srdx,41.51
899,jan,3.74
900,life,6.1
901,lyft,47
902,ttwo,128.42
903,centa,30.81
904,pstv,2.75
905,mtrx,21.51
906,flex,13.54
907,ssti,28.95
908,nerv,9.07
909,pfin,7
910,cnty,8.37
911,bpop,61
912,sldb,3.96
913,irdm,27.68
914,lfac,10.4
915,cnce,10.49
916,tectp,10.52
917,dwaw,26.07
918,srev,1.84
919,cnst,37.98
920,msex,64.9
921,cost,303.4
922,mar,149.19
923,csx,75.5
924,nbev,1.96
925,arce,50.01
926,glmd,6.52
927,cgix,4.91
928,kequ,12.62
929,jg,2.68
930,ibkcn,26.82
931,iivi,37.33
932,idxx,290.88
933,xene,17.59
934,imos,22.45
935,pui,35.14
936,expe,112.19
937,mobl,5.21
938,spkep,25.23
939,ptacu,10.47
940,ango,15.49
941,oiim,1.65
942,czwi,11.9
943,cern,75.87
944,pico,10.44
945,stmp,92.44
946,ednt,2.48
947,incy,80.98
948,hlal,28.27
949,zyne,6.06
950,enph,30.97
951,stks,4
952,cmcsa,47.68
953,awre,3.47
954,csbr,8.5
955,eml,31.49
956,cvlt,47.26
957,fbiz,26.49
958,mndo,2.51
959,ffwm,17.09
960,ftxh,24.4
961,tzoo,11.15
962,xbit,24.93
963,jout,78.63
964,glbs,1.02
965,batrk,29.78
966,ipgp,145.71
967,ears,1.58
968,ptla,14.84
969,flxn,18.01
970,nymtm,25.5
971,nwpx,34.23
972,lbrdk,130.61
973,agrx,2.93
974,gbt,87.17
975,vtsi,4.51
976,bway,11.71
977,vlgea,23.04
978,brkl,16.25
979,taco,8.03
980,ke,17.99
981,ivac,7.54
982,usak,7.96
983,qrtea,9.01
984,rbcn,8.74
985,phas,6.06
986,vsat,73.89
987,blnk,2.14
988,emkr,3.46
989,axgn,15.13
990,nsys,4.99
991,pulm,1.56
992,mirm,21.58
993,vymi,64.33
994,gnmk,5.02
995,chnr,1.47
996,jblu,19.12
997,ftxd,24.64
998,swav,44.05
999,apei,28.06
1000,flmn,6.97
1001,cstl,34.14
1002,expi,10.96
1003,ewbc,47.65
1004,drad,2.97
1005,uone,1.94
1006,trmd,10
1007,land,13.47
1008,vtvt,2.21
1009,mvbf,22.49
1010,halo,20.24
1011,opb,25.62
1012,htbx,0.33
1013,meip,2.4
1014,conn,10.55
1015,schl,37.07
1016,dltr,91
1017,crsa,10.05
1018,tbnk,31
1019,bwmcu,10.6
1020,bsmo,25.27
1021,bpfh,12.36
1022,fork,2.33
1023,vrtx,236.51
1024,zion,50.92
1025,dali,21.87
1026,hdsn,0.83
1027,amzn,1885.89
1028,kbal,21.59
1029,xela,0.45
1030,epay,54.79
1031,lkco,1.3
1032,sify,1.27
1033,wvvi,6.92
1034,ubfo,10.51
1035,fbnc,38.66
1036,vlypo,26.76
1037,torc,1.53
1038,aapl,316.27
1039,iclr,176.3
1040,hmsy,30.01
1041,cohu,25
1042,pmom,29
1043,spar,18.18
1044,goodm,26.25
1045,inva,14.69
1046,bcov,9.06
1047,watt,1.84
1048,obsv,4.01
1049,rmbs,14.45
1050,cece,8.11
1051,iova,23.97
1052,chy,11.79
1053,on,25.08
1054,agtc,8.24
1055,omcl,88.12
1056,brid,25.68
1057,spcb,0.71
1058,ecor,1.42
1059,dwld,26.37
1060,cbsh,67.54
1061,cyou,10.47
1062,plin,4.11
1063,sgrp,1.18
1064,calm,39.44
1065,ande,25.36
1066,isns,5.43
1067,dusa,26.72
1068,tops,0.93
1069,svra,3.77
1070,rrbi,55.74
1071,gldd,11.64
1072,wafu,2.5
1073,paacu,10.32
1074,athe,0.72
1075,gsum,1.34
1076,dgly,0.98
1077,zn,0.35
1078,odt,29.24
1079,valu,32.5
1080,sblk,10.72
1081,mgen,0.66
1082,idlb,28.88
1083,lsbk,15.3
1084,blkb,82.76
1085,cnmd,111.21
1086,ftr,0.68
1087,vtc,89.2
1088,crtx,63.29
1089,mofg,34.85
1090,airg,10.21
1091,natr,9.79
1092,cphc,12.62
1093,iosp,105.2
1094,cplp,13.16
1095,verb,1.5
1096,cala,6.97
1097,cfms,1.33
1098,gliba,73.58
1099,creg,0.37
1100,ucfc,11.68
1101,fnwb,17.98
1102,alim,6.99
1103,cinf,105.85
1104,yten,6.9
1105,aytu,0.82
1106,krus,23.96
1107,gbdc,18.35
1108,powi,105.39
1109,exfo,3.98
1110,anat,115.7
1111,iroq,22.9
1112,rily,26.17
1113,eqbk,28.75
1114,ruby,9.9
1115,hiiq,20.87
1116,emms,3.72
1117,gmhiu,11.08
1118,dint,20.01
1119,leds,2.01
1120,bkyi,0.58
1121,penn,26.32
1122,ihrt,17.58
1123,adxs,1.29
1124,rgld,115.66
1125,gxgxu,10.45
1126,mmyt,24.85
1127,trnx,1.1
1128,bsmm,25.16
1129,inpx,4.35
1130,kbwd,22.49
1131,ftnt,119.31
1132,eidx,56.06
1133,bbio,35.33
1134,rdwr,26.1
1135,iep,65.97
1136,iac,278.85
1137,schn,20.9
1138,egan,8.05
1139,stim,4.35
1140,uctt,25.32
1141,snss,0.58
1142,opof,27.96
1143,pti,1.97
1144,mncl,10.18
1145,ntla,15.3
1146,cutr,34.78
1147,nymto,25.45
1148,anab,16.34
1149,rmbi,14.97
1150,ocsl,5.59
1151,mbin,19.11
1152,wve,8.11
1153,tnav,4.88
1154,neon,2.81
1155,cnob,25.48
1156,adil,2.1
1157,acglo,26.16
1158,lila,19.28
1159,frg,21.83
1160,saft,95.01
1161,trov,1.38
1162,qdel,74.2
1163,swtx,36.01
1164,dcph,67
1165,ppbi,31.99
1166,adi,119.75
1167,eyeg,7.66
1168,mlntq,0.41
1169,crbp,7.15
1170,slm,8.82
1171,aaww,27.98
1172,ebmt,21.56
1173,rrgb,35.79
1174,himx,3.85
1175,grwg,4.65
1176,pfsw,4.83
1177,pte,4.3
1178,oxlc,9
1179,efsc,48.73
1180,aptx,3.9
1181,oas,3.09
1182,adms,5.94
1183,spfi,20.98
1184,rgnx,49.35
1185,real,18.07
1186,arlp,11.08
1187,orgs,5.2
1188,mfsf,39.38
1189,yj,5.75
1190,occ,3.51
1191,matw,40.27
1192,hrtx,23.1
1193,dvol,22.93
1194,rbbn,3.41
1195,ffbc,25.54
1196,mrln,21.68
1197,nath,73.46
1198,amot,49.72
1199,alot,13.43
1200,mack,3.23
1201,lmst,16.91
1202,rand,2.71
1203,mlnd,8.24
1204,tfsl,19.74
1205,jsmd,49.97
1206,sumr,0.31
1207,osur,8.42
1208,fdni,26.32
1209,smmt,1.54
1210,epsn,3.01
1211,grbk,11.96
1212,intg,35.99
1213,fgen,44.96
1214,lvhd,34.46
1215,pez,55.93
1216,hyxe,52.6
1217,siga,5.51
1218,stld,33.23
1219,ftxr,25.04
1220,occi,16.87
1221,fitbp,27.35
1222,obci,3.34
1223,coke,286.98
1224,cree,52.21
1225,ptvcb,16.3
1226,eyes,5.11
1227,ttnp,0.28
1228,endp,6.19
1229,apps,7.7
1230,gluu,6.23
1231,enta,58.66
1232,nsit,71.82
1233,zeus,16.18
1234,fncb,8.19
1235,sbny,138.13
1236,podd,190.63
1237,clps,4.42
1238,vrrm,15.18
1239,amnb,37.81
1240,chw,8.74
1241,fbms,34.33
1242,kbwp,72.62
1243,pacb,5.03
1244,dfnsu,10.32
1245,crwd,63.05
1246,ctre,21.4
1247,esgro,27.8
1248,eigr,14.64
1249,nvus,0.68
1250,ryaay,93.24
1251,fitb,29.55
1252,aub,37.1
1253,nblx,26.54
1254,gnom,16.45
1255,rusha,46.19
1256,bvsn,3.33
1257,cspi,13.3
1258,kin,10.38
1259,dlth,9.77
1260,txg,86.11
1261,pnbk,13.09
1262,sfbc,37.1
1263,fast,36.37
1264,ubcp,14.5
1265,aal,28.3
1266,clro,1.81
1267,iots,8.78
1268,belfb,19.28
1269,sgen,108.41
1270,indb,82.25
1271,nxpi,134.99
1272,mchx,3.82
1273,alks,20.07
1274,club,2.9
1275,ffbw,11
1276,gec,3.03
1277,sauc,1.05
1278,galt,2.98
1279,ha,30.6
1280,wneb,9.59
1281,axgt,4.66
1282,infr,33.14
1283,immu,19.52
1284,trhc,51.58
1285,aeye,4.84
1286,dswl,2.95
1287,cmtl,36.89
1288,plxs,80.06
1289,icon,1.63
1290,bysi,17.87
1291,hmtv,14.57
1292,tptx,58.89
1293,vcel,17.6
1294,aveo,0.66
1295,fmhi,53.99
1296,thcb,10.05
1297,xp,38.01
1298,vvus,2.71
1299,nssc,31.03
1300,utmd,105.73
1301,amci,10.18
1302,gifi,5.28
1303,rekr,3.92
1304,casi,3.25
1305,pbpb,4.26
1306,tsc,25.65
1307,bbq,4.24
1308,lfacu,11.58
1309,shoo,42.55
1310,scsc,36.58
1311,tga,1.39
1312,cfb,13.55
1313,chco,82.51
1314,qqqx,24.51
1315,rdhl,6.08
1316,jfu,9.39
1317,hoft,25.23
1318,carg,37.99
1319,abcb,43.41
1320,afmd,2.96
1321,cyan,2.58
1322,pkw,70.62
1323,sdc,13.24
1324,ndsn,168.5
1325,cvti,14.11
1326,rytm,20.69
1327,pool,218.54
1328,oxsq,5.95
1329,ufo,27.75
1330,mdgs,1.88
1331,sina,43.89
1332,vcyt,30.48
1333,cthr,1.53
1334,pacqu,10.54
1335,cbmb,14.18
1336,bgne,169
1337,idex,0.69
1338,astc,2.11
1339,taop,0.8
1340,usig,58.66
1341,mant,82.29
1342,lptx,1.56
1343,csb,47.5
1344,ftsv,44.84
1345,clou,17.27
1346,agmh,14.93
1347,ktov,0.82
1348,mtsl,1.12
1349,rbkb,11.25
1350,sbbp,2.56
1351,ghsi,0.33
1352,vmd,5.69
1353,hwcc,4.1
1354,cvcy,20.97
1355,sbra,22.49
1356,susb,25.45
1357,biol,0.79
1358,mrus,17.88
1359,mnlo,6.76
1360,senea,37.03
1361,loan,6.25
1362,nltx,10.51
1363,xfor,10.35
1364,abdc,9.29
1365,cpst,3.15
1366,gmlp,8.7
1367,vblt,1.41
1368,pyz,61.82
1369,chdn,144.84
1370,trvg,2.97
1371,alty,15.06
1372,ibuy,54.81
1373,logm,86.11
1374,prcp,6.09
1375,adtn,10.32
1376,cac,46.92
1377,irbt,56.25
1378,gntx,31.12
1379,aimc,36.93
1380,srts,4.02
1381,eeft,163.23
1382,frpt,64.7
1383,cath,40.68
1384,strl,14.81
1385,livn,75.56
1386,pgny,31.85
1387,ay,27.64
1388,boxl,1.4
1389,veon,2.65
1390,mime,50.23
1391,clls,18.64
1392,egle,4.31
1393,atex,49
1394,amrb,14.77
1395,cmls,16.01
1396,spns,25.75
1397,emcf,32.35
1398,xog,1.92
1399,ufpt,47.99
1400,apls,40.68
1401,inmb,5.68
1402,dtil,11.19
1403,koss,1.55
1404,qiwi,19.77
1405,soly,12.01
1406,ftdr,48.3
1407,ptct,52.84
1408,twnk,14.06
1409,akca,17.78
1410,pdce,24.19
1411,tcf,45.92
1412,strt,22.37
1413,mrcy,76.3
1414,sbt,7.93
1415,educ,5.73
1416,zbio,8.72
1417,cpta,8.91
1418,plab,15.29
1419,thmo,4.9
1420,hlit,8.35
1421,smbc,37.95
1422,pebk,31.07
1423,uslb,35.39
1424,nghcn,25.65
1425,cent,32.78
1426,amgn,242.11
1427,kids,48.04
1428,oncy,3.24
1429,algn,285.69
1430,otlk,1.04
1431,gogo,5.66
1432,sbcf,30.44
1433,fnjn,2.31
1434,nfin,10.01
1435,lxrx,4.26
1436,wmgi,30.28
1437,cffa,10.33
1438,exls,72.65
1439,mtp,0.91
1440,isem,27.56
1441,brew,16.47
1442,asrt,1.27
1443,axnx,31.5
1444,cwbc,11.07
1445,xers,6.35
1446,altm,2.9
1447,pcti,8.94
1448,blcn,26.9
1449,xoma,23.96
1450,srpt,130.25
1451,essa,17.49
1452,cort,13.23
1453,lope,96.31
1454,idcc,59.88
1455,ftac,10.24
1456,cenx,7.27
1457,synh,64.2
1458,neph,10.03
1459,frba,10.76
1460,genc,11.34
1461,whlr,1.79
1462,gfed,24.98
1463,habt,13.96
1464,celh,5.1
1465,bksc,19.11
1466,fcbp,26.02
1467,ptsi,58.37
1468,jjsf,187.09
1469,ftacu,10.9
1470,alrn,0.79
1471,vivo,10.06
1472,vrna,5.91
1473,itrm,3.91
1474,uhal,385.55
1475,mlco,24.4
1476,occip,25.7
1477,amrn,20.08
1478,artw,1.97
1479,anix,3.55
1480,sbux,92.93
1481,viaca,44.2
1482,sglb,0.97
1483,agio,51.75
1484,fusb,11.06
1485,argx,152
1486,istr,24.4
1487,blfs,15.91
1488,ta,18.45
1489,psti,4.03
1490,gnca,2.78
1491,rive,12.5
1492,gwph,120.05
1493,ontx,0.42
1494,sohon,26.75
1495,pahc,26.32
1496,bmtc,41
1497,core,25.76
1498,ffnw,14.99
1499,vicr,53.74
1500,rvsb,7.63
1501,gtls,71.9
1502,cgen,6.03
1503,wins,13.5
1504,tsem,25.58
1505,iesc,26.66
1506,obnk,37.25
1507,esca,9.23
1508,esgr,206.89
1509,relv,4.02
1510,catm,46.63
1511,bokf,86.98
1512,seed,8.71
1513,tttn,31.57
1514,sfnc,26.44
1515,bldr,27.25
1516,staf,1
1517,wltw,205.49
1518,mrtx,97.74
1519,opra,7.79
1520,nstg,31.08
1521,fcco,20.54
1522,cwbr,2.24
1523,cytk,12.74
1524,newt,21.82
1525,pmts,0.61
1526,eei,15.15
1527,fran,9.58
1528,gnus,0.32
1529,bwmc,10.15
1530,aspu,7.6
1531,fcel,2.3
1532,smcp,25.37
1533,ktos,19.62
1534,lhcg,144.05
1535,mtsi,28.81
1536,irtc,89.18
1537,forty,74.98
1538,sama,10.14
1539,bkcc,5
1540,ufpi,48.87
1541,csii,52.76
1542,alec,20.06
1543,btai,17.5
1544,viab,23.51
1545,wilc,12.25
1546,fnhc,16.62
1547,bpy,19.69
1548,apop,2.87
1549,pesi,8.41
1550,rfem,66.93
1551,klxe,5.54
1552,azpn,141.41
1553,dwfi,23.61
1554,terp,17.3
1555,fang,90.89
1556,cdw,140.89
1557,freq,25.36
1558,chsco,27.74
1559,optn,8.89
1560,hbnc,18.75
1561,bbsi,91.45
1562,wb,48.24
1563,eltk,3.67
1564,amrs,3.13
1565,idra,1.99
1566,oyst,24.74
1567,dorm,78.29
1568,rpd,63.31
1569,alrs,21.67
1570,cbmg,17.84
1571,beat,55.66
1572,trcb,22.22
1573,msbf,17.53
1574,panl,2.98
1575,adpt,27.56
1576,jva,4.15
1577,wynn,152.69
1578,cey,24.55
1579,chpmu,10.36
1580,vrtsp,100.72
1581,ueic,54.09
1582,acbi,18.11
1583,sohob,26.23
1584,mlab,264.2
1585,cvv,3.83
1586,trvn,0.9
1587,edap,4.11
1588,ffiv,139.24
1589,acrx,2
1590,bpypo,26.1
1591,cbli,0.92
1592,capr,1.79
1593,slrc,20.89
1594,unam,7.07
1595,akro,19.79
1596,trup,32.39
1597,htlf,50.49
1598,imrn,3.55
1599,lway,2.39
1600,qrhc,2.53
1601,viav,16.02
1602,hoth,5.26
1603,ccb,17.39
1604,srra,0.42
1605,pinc,37.15
1606,fold,10.65
1607,amrk,8.73
1608,hhr,23.68
1609,ofed,26.99
1610,medp,91.55
1611,foxf,67.69
1612,ppih,9.24
1613,unty,21.75
1614,xon,6.24
1615,ssb,87.55
1616,hfwa,28
1617,rfeu,63.24
1618,acgl,44.81
1619,smtx,3.79
1620,cycc,0.72
1621,nvmi,39.79
1622,clmt,4.5
1623,seac,3.98
1624,caty,38.29
1625,ffin,35.33
1626,piz,29.7
1627,band,72.2
1628,cvbf,21.74
1629,nbtb,41.27
1630,ftri,12.93
1631,aame,1.93
1632,loco,14.7
1633,ormp,5.18
1634,car,36.05
1635,mlvf,22.18
1636,mwk,5.71
1637,wing,88.07
1638,grif,41.02
1639,kfrc,40.11
1640,pfie,1.44
1641,arvn,51.77
1642,ecpg,37.01
1643,cdmo,6.55
1644,uboh,22.9
1645,tscap,26.66
1646,pme,1.18
1647,coup,169.5
1648,gfncp,107.25
1649,tcbi,54.93
1650,boom,44.27
1651,nviv,0.29
1652,mkgi,2.07
1653,miln,27.02
1654,hnrg,2.56
1655,amcx,41.45
1656,disca,32.79
1657,fox,38.31
1658,blph,0.4
1659,scpl,12.1
1660,gthx,26.2
1661,cpaau,11.07
1662,imgn,4.88
1663,cpsi,28.08
1664,amtd,51.39
1665,tsri,3.99
1666,uonek,1.92
1667,tbph,25.68
1668,dske,3.64
1669,csiq,23.05
1670,lqdt,5.9
1671,syna,71.73
1672,bcda,5.43
1673,sesn,1.0
1674,apxt,10.03
1675,cvgw,80.7
1676,mcbc,10.94
1677,blrx,2.47
1678,luna,8.51
1679,ssrm,18
1680,atra,16.08
1681,ffhl,3.06
1682,carv,2.57
1683,aktx,1.93
1684,cdxc,4.49
1685,arcb,28.65
1686,bcpc,109.21
1687,vsmv,33.71
1688,ctxr,1.18
1689,pxi,27.19
1690,stcn,1.51
1691,krny,13.5
1692,th,5.3
1693,pflt,12.23
1694,rmni,4.25
1695,soho,6.6
1696,cpah,2.5
1697,clxt,7.56
1698,gshd,45.79
1699,cdc,49.41
1700,axla,4.96
1701,ldsf,20.57
1702,hbt,19.12
1703,rail,1.87
1704,slno,2.94
1705,tell,7.89
1706,ctbi,46.39
1707,hbcp,38.35
1708,dooo,46.98
1709,opi,34.14
1710,cid,33.94
1711,bmlp,46.61
1712,gnln,3.1
1713,cone,64.1
1714,ntnx,35.71
1715,upld,41.57
1716,allo,27.18
1717,bntx,33.05
1718,osw,16.18
1719,vrts,128.01
1720,glre,10.14
1721,apwc,1.65
1722,camp,10.08
1723,derm,19.17
1724,gden,19.19
1725,scyx,1.09
1726,tsla,507.61
1727,pcyg,4.92
1728,chmg,41.8
1729,nbix,106.08
1730,bidu,140.61
1731,psmt,65.54
1732,appn,54.56
1733,sngx,2.1
1734,zgnx,57
1735,zeal,36.45
1736,ichr,39.64
1737,crex,1.56
1738,bprap,25.25
1739,mnst,67.2
1740,tcon,4.05
1741,eyen,4.87
1742,psm,26.43
1743,neog,70.25
1744,vbfc,38.19
1745,uxin,2.63
1746,ftxo,27.64
1747,tatt,5.24
1748,focs,27.34
1749,stok,23.92
1750,kvhi,10.92
1751,rmbl,0.65
1752,ocsi,8.36
1753,paac,10.07
1754,blu,8.59
1755,pgc,30.69
1756,bhf,40.77
1757,googl,1462.54
1758,eye,32.99
1759,lrge,39.7
1760,vlypp,28.48
1761,weys,23.76
1762,saqnu,10.35
1763,fpay,2.55
1764,riot,1.45
1765,ytra,3.45
1766,hyacu,10.65
1767,nwsa,14.92
1768,pnrg,146.61
1769,lanc,162.63
1770,trip,31.57
1771,feim,9.98
1772,pfm,31.37
1773,stne,41.09
1774,nxtg,56.7
1775,tvty,26
1776,pub,29.83
1777,apen,2.85
1778,airt,20.24
1779,dcar,1.02
1780,ttoo,1.13
1781,legh,14.88
1782,smmcu,10.39
1783,aciu,9.75
1784,boch,11.52
1785,hurn,69.46
1786,twst,22.8
1787,navi,13.64
1788,cban,15.87
1789,hcat,34.94
1790,clsd,2.51
1791,umpq,18.39
1792,phun,1.17
1793,ovid,3.96
1794,ncna,5.46
1795,immp,2.15
1796,achc,33.76
1797,cldx,2.51
1798,kod,65.26
1799,dsgx,46.09
1800,neos,1.59
1801,lstr,117.37
1802,brks,44.54
1803,useg,4.86
1804,lmrk,16.76
1805,pch,45.42
1806,mgpi,44.95
1807,utsi,2.86
1808,vrex,31.9
1809,qtt,4.2
1810,cohr,172.71
1811,ipwr,2.55
1812,ovly,18.83
1813,nvax,4.88
1814,efas,16.6
1815,lazy,4.15
1816,chkp,115.44
1817,mgee,79.35
1818,kbwy,31.4
1819,mrkr,3.29
1820,bsmp,25.38
1821,ctac,11.01
1822,morn,160.41
1823,good,22.4
1824,rdcm,8.88
1825,apxtu,10.45
1826,bcyc,11.2
1827,veri,2.66
1828,rmr,45.23
1829,hubg,55.05
1830,csco,49.31
1831,ipldp,25.56
1832,leco,97.45
1833,dnli,22.13
1834,mu,58.02
1835,hsdt,1.26
1836,kbsf,2.25
1837,iea,3.46
1838,txn,130.76
1839,acia,68.95
1840,novn,0.65
1841,bngo,1.23
1842,acmr,36
1843,csgp,659
1844,arya,10.58
1845,pcom,15.38
1846,afh,0.61
1847,htbk,12.64
1848,nk,6.95
1849,wifi,13
1850,drrx,2.09
1851,dynt,0.94
1852,ngm,19.24
1853,idxg,7.9
1854,scor,5.29
1855,nvfy,1.86
1856,clfd,14.39
1857,sorl,4.6
1858,gnmx,0.2
1859,pfpt,125.69
1860,chna,26.29
1861,fve,5.36
1862,sqbg,0.36
1863,gbci,45.52
1864,bwfg,28.33
1865,bgfv,4.03
1866,skyw,66.11
1867,colm,96.38
1868,deacu,14.31
1869,stkl,3.13
1870,ebiz,19.62
1871,gpor,2.07
1872,oled,213.89
1873,mnta,30.32
1874,mrin,1.72
1875,rdus,19.89
1876,wkhs,3.47
1877,slp,33.55
1878,aqb,2.46
1879,cbtx,31.73
1880,toca,0.57
1881,kalu,106.74
1882,gpp,14.65
1883,mitk,9.69
1884,kzr,3.4
1885,mags,4.04
1886,pval,28.67
1887,mgrc,78.93
1888,aciw,38.3
1889,vrca,15.97
1890,lob,18.96
1891,lkq,34.98
1892,phcf,2.05
1893,abmd,180.77
1894,pacq,10.4
1895,esxb,9.6
1896,intl,51.33
1897,east,3.02
1898,gecc,7.94
1899,hear,9.2
1900,pfbc,60.5
1901,grfs,23.74
1902,wdc,69.76
1903,omer,14.91
1904,mbii,1.1
1905,fulc,18.89
1906,kxin,1.24
1907,pbyi,8.95
1908,ifrx,3.74
1909,nvcr,95
1910,gevo,2.3
1911,glad,10.45
1912,cmco,38.25
1913,mpaa,22.29
1914,glibp,26.99
1915,cbat,0.91
1916,exas,90.01
1917,hban,14.74
1918,lsxma,49.63
1919,cldb,20.2
1920,fwona,45.48
1921,glbz,11.57
1922,vtgn,0.68
1923,psc,33.41
1924,self,4.39
1925,hepa,5.54
1926,apdn,4.22
1927,gainm,25.64
1928,alya,2.86
1929,bgrn,54.05
1930,ncmi,7.88
1931,myfw,16.31
1932,otex,46.83
1933,gfn,11.24
1934,eton,7.5
1935,fitbo,26.03
1936,agfs,2.63
1937,fprx,5.21
1938,exel,20.57
1939,wash,52.5
1940,fosl,8.18
1941,crai,56.58
1942,lrcx,307.05
1943,tbio,8.44
1944,insm,22.94
1945,apvo,0.69
1946,svvc,6.66
1947,prof,13.33
1948,esgrp,28.7
1949,atxi,8.79
1950,opk,1.61
1951,bhfap,27.34
1952,hqy,73.3
1953,cmbm,8.88
1954,cste,15.76
1955,wafd,36.29
1956,botz,22.58
1957,trns,32.8
1958,kern,8.66
1959,uscr,41.17
1960,roku,131.25
1961,hbano,26.33
1962,dvlu,20.13
1963,fwrd,71.07
1964,ante,1.04
1965,athx,1.26
1966,samau,10.49
1967,novt,96.72
1968,zs,62
1969,umbf,68.78
1970,ltbr,4.93
1971,nrc,67.31
1972,flxs,20.88
1973,nndm,2.3
1974,mrna,21.5
1975,mark,0.61
1976,hook,11.35
1977,dwmc,24.42
1978,powl,46.99
1979,sprt,1.3
1980,frme,42
1981,sien,8.17
1982,tpco,13.02
1983,ttmi,15.66
1984,ssys,21.95
1985,shen,44.45
1986,dfnl,25.54
1987,crus,85.19
1988,ebix,35.43
1989,wrld,92.35
1990,erii,10.59
1991,xper,18.72
1992,iec,9.28
1993,cswc,21.14
1994,nvee,56.93
1995,hone,11.19
1996,crsp,60.13
1997,cers,4.24
1998,irmd,26.28
1999,jctcf,7.93
2000,vbtx,28.61
2001,pypl,116.45
2002,loop,9.98
2003,apex,0.86
2004,suns,17.95
2005,eslt,157.5
2006,kala,5.77
2007,igsb,53.75
2008,atom,4.01
2009,sgry,18
2010,repl,19.31
2011,htbi,27.02
2012,bnso,2.37
2013,krtx,95.36
2014,tcmd,64
2015,smit,3.55
2016,gain,13.78
2017,legr,32.88
2018,npauu,10.38
2019,cake,39.87
2020,bsmr,25.28
2021,fsv,98.41
2022,sage,74.5
2023,wire,60.05
2024,zg,47.23
2025,abio,5.51
2026,ctrn,22.79
2027,insuu,10.6
2028,seic,66.4
2029,thcau,10.12
2030,masi,170.29
2031,wsg,3.3
2032,ecow,25.86
2033,roll,176.39
2034,sic,9.04
2035,dbvt,12.77
2036,bosc,2.25
2037,hebt,7.71
2038,acnb,35.98
2039,yy,65.83
2040,shsp,11.56
2041,ntic,14.56
2042,xent,25.08
2043,gmda,4.65
2044,ppsi,2.48
2045,eypt,1.74
2046,comm,14.85
2047,wabc,68.65
2048,evfm,6.42
2049,bfst,25.11
2050,acglp,25.5
2051,immr,7.88
2052,ensg,48.09
2053,aeis,74.9
2054,ccrc,10.99
2055,lnt,56.87
2056,gild,63.5
2057,amciu,10.57
2058,lgih,79.45
2059,aobc,9.68
2060,mnsb,23.45
2061,faar,25.89
2062,djco,285.08
2063,ssnc,63.51
2064,xgn,24.43
2065,otel,8.75
2066,mgtx,20.83
2067,lilak,19.42
2068,erie,168.98
2069,refr,3.1
2070,dmac,4.7
2071,pton,31
2072,nymtp,25.32
2073,sieb,8.78
2074,asfi,10.26
2075,ccxi,40.98
2076,altr,39.52
2077,sgms,28.05
2078,mdrx,9.86
2079,bl,64.2
2080,plus,86.69
2081,rndv,24.49
2082,mfnc,16.65
2083,csod,64.45
2084,bzun,36.47
2085,peri,8.8
2086,opes,10.5
2087,ezpw,6.3
2088,pbctp,28.66
2089,catc,77.22
2090,ea,112.37
2091,live,7.94
2092,landp,26.02
2093,aiq,19.05
2094,grnq,0.57
2095,mfin,6.99
2096,ainv,17.6
2097,ntwk,3.79
2098,bbgi,3.31
2099,krys,52.6
2100,qadb,37.25
2101,chscm,26.99
2102,chrw,82.01
2103,fxnc,20.65
2104,arct,12.2
2105,bctf,15.59
2106,hgsh,0.61
2107,chek,1.99
2108,quik,8.01
2109,crmt,110.73
2110,afya,28.64
2111,wrtc,5.83
2112,acst,0.8
2113,bmrn,89.47
2114,nymx,3.05
2115,whlm,4
2116,atax,7.61
2117,virc,4.27
2118,sgoc,0.91
2119,lfvn,15.63
2120,pxs,1.09
2121,mnov,6.91
2122,imbi,5.16
2123,rfap,53.52
2124,vrml,0.82
2125,mind,3
2126,knsl,110.11
2127,anik,47.44
2128,tues,1.6
2129,rnet,6.04
2130,ptgx,7.22
2131,algru,10.57
2132,sohu,12.4
2133,pegi,26.83
2134,uthr,94.48
2135,dax,28.56
2136,glng,15.13
2137,wdfc,191.96
2138,wtba,24.74
2139,srax,2.31
2140,rtix,4.58
2141,rick,18.8
2142,nymt,6.32
2143,pset,42.33
2144,vnda,15.57
2145,fcbc,31.05
2146,pfis,50
2147,hska,107.24
2148,vygr,14.78
2149,pmbc,7.7
2150,salm,1.48
2151,prtk,3.88
2152,cpss,3.48
2153,hmnf,20.7
2154,plbc,26.89
2155,drio,7.5
2156,banr,55.15
2157,slab,120
2158,mvis,0.75
2159,mtc,2.05
2160,tait,2.94
2161,znga,6.83
2162,cdzi,10.2
2163,upwk,10.17
2164,fmbh,35.28
2165,idsa,1.12
2166,bldp,11.22
2167,glyc,4.93
2168,sync,1.65
2169,kzia,4.63
2170,hsii,31.85
2171,cris,1.75
2172,celc,11.2
2173,atrc,37.01
2174,nwli,280.94
2175,ntgn,1.8
2176,cibr,32.33
2177,sg,8.79
2178,nflx,341
2179,wtrh,0.4
2180,arpo,0.62
2181,ttek,90
2182,cart,12.68
2183,pola,2.71
2184,dffn,0.5
2185,xair,6.75
2186,aplt,50
2187,bstc,57.17
2188,rcon,2.43
2189,py,34.78
2190,vrig,25.03
2191,vbiv,1.77
2192,alsk,1.97
2193,rell,5.69
2194,ruhn,8.85
2195,arec,0.57
2196,acer,4.4
2197,apyx,8.4
2198,tbbk,12.25
2199,whf,14.04
2200,strs,30.33
2201,icad,9.73
2202,tcbk,39.48
2203,zfgn,1.3
2204,dgica,14.62
2205,prts,2.8
2206,lngr,24.28
2207,mbwm,35.85
2208,nmrd,3.57
2209,rndb,17.84
2210,rexn,2.32
2211,dmlp,20.87
2212,cdns,73.38
2213,yndx,44.63
2214,icfi,93.22
2215,dlhc,4.9
2216,mksi,115.57
2217,plug,4.2
2218,asur,8.41
2219,vly,11.52
2220,fccy,22.09
2221,ctic,1.39
2222,banf,63.82
2223,lcnb,18.45
2224,cacg,35.87
2225,mrtn,21.67
2226,acam,10.04
2227,esgd,69.58
2228,spke,9.65
2229,ncsm,1.89
2230,dwtr,34.25
2231,fdef,31.45
2232,autl,12.86
2233,fixx,17.77
2234,mtem,14.07
2235,pfmt,1.07
2236,gnpx,0.37
2237,pdfs,17.63
2238,sfix,25.21
2239,naov,2.73
2240,prpl,11.17
2241,bsqr,1.54
2242,metc,3.76
2243,imac,1.41
2244,uvsp,26.91
2245,htld,21.15
2246,alt,1.84
2247,advm,11.94
2248,atro,29.11
2249,zumz,34.36
2250,csml,28.04
2251,rigl,3.1
2252,mdgl,86.28
2253,csq,14
2254,pkbk,24.9
2255,coda,8.15
2256,bwb,13.3
2257,ddiv,27.27
2258,adus,98.11
2259,optt,0.96
2260,cown,16.82
2261,lbai,17.16
2262,dnkn,78.98
2263,prov,21.8
2264,cme,207.28
2265,tlf,5.4
2266,vlrx,0.76
2267,peix,0.68
2268,belfa,16.34
2269,ottw,13.97
2270,smmc,9.99
2271,forr,43.89
2272,glpg,228.14
2273,botj,14.64
2274,nxst,130.54
2275,avco,1.93
2276,dmtk,10.81
2277,valx,27.75
2278,uihc,10.96
2279,wsc,18.97
2280,cetx,2.27
2281,thca,9.89
2282,nvcn,3.23
2283,cdtx,3.5
2284,tigr,4.15
2285,plxp,4.8
2286,vnom,24.69
2287,bcow,10.69
2288,fbio,2.79
2289,dgii,17.76
2290,atif,1.84
2291,loacu,10.65
2292,aemd,1.99
2293,itic,164.55
2294,ostk,8.6
2295,elox,4.77
2296,ygyi,2.82
2297,myl,22.02
2298,eryp,7.33
2299,eng,0.97
2300,apto,5.82
2301,bcli,4.39
2302,lyl,1.36
2303,mcmj,9.8
2304,sndx,8.79
2305,pcb,15.83
2306,ibkr,50.11
2307,alna,2.8
2308,khc,31.8
2309,pavm,1.44
2310,lmb,4.5
2311,inap,1.3
2312,nfe,15.44
2313,tenb,27.12
2314,pope,124.77
2315,pdli,3.31
2316,pzza,65.39
2317,evsi,6.09
2318,rkda,5.38
2319,org,23.71
2320,ptvca,15.13
2321,clsn,1.62
2322,hmst,33.26
2323,okta,128.34
2324,chng,16.4
2325,reed,1.17
2326,ctsh,62.56
2327,vra,11.51
2328,fvc,28.63
2329,rgls,1.23
2330,sunw,1.14
2331,iknx,6.8
2332,rushb,47.95
2333,dxyn,1.41
2334,iart,60.36
2335,bndw,78.97
2336,trib,1.04
2337,reph,16.37
2338,ciz,33.86
2339,enfc,30.16
2340,zbra,252.75
2341,hnna,10.13
2342,mor,33.07
2343,func,23.98
2344,vstm,1.98
2345,clvs,9.37
2346,gilt,9.2
2347,farm,12.75
2348,hayn,30.35
2349,admp,0.78
2350,unb,37.39
2351,ymab,32.88
2352,kldo,5.13
2353,ucbi,30.44
2354,pbip,18
2355,le,14.96
2356,cdmop,26.94
2357,nbn,20.84
2358,gure,0.67
2359,chma,5.09
2360,fibk,41.45
2361,ptf,82.53
2362,vray,2.94
2363,holi,17.25
2364,aljj,1.17
2365,alny,119.01
2366,psnl,12.61
2367,cmrx,2.08
2368,resn,2.46
2369,pey,19.33
2370,vrtu,43
2371,wwd,125.64
2372,sitm,24.9
2373,giii,30.49
2374,hcsg,27.36
2375,atlo,27.2
2376,cccl,0.76
2377,ipar,74.51
2378,ibkco,27.91
2379,nnbr,9.62
2380,pfg,56.1
2381,eigi,5.2
2382,ckpt,1.86
2383,rttr,0.22
2384,xnet,5.7
2385,expd,75.79
2386,yi,7.06
2387,sskn,2.19
2388,aosl,14.15
2389,crws,6.41
2390,rcel,10.45
2391,cerc,5.14
2392,ocfc,25.25
2393,atlc,11.16
2394,svbi,9.09
2395,pati,14.75
2396,sgbx,0.19
2397,ocul,4.64
2398,cgnx,57.94
2399,isig,0.8
2400,bsmn,25.25
2401,pkoh,35.72
2402,cbpo,117
2403,edit,32.2
2404,mito,3.09
2405,grshu,11.34
2406,asys,7.6
2407,nxgn,16.33
2408,reto,0.98
2409,inse,5.85
2410,prim,22.53
2411,iclk,3.8
2412,myt,0.59
2413,snca,1.68
2414,five,116.59
2415,hwkn,43.33
2416,acttu,10.61
2417,bpth,7.65
2418,infi,1.19
2419,neo,32.88
2420,ilmn,327.73
2421,selb,3.16
2422,cpix,5.17
2423,sndl,3.3
2424,mots,2.2
2425,csfl,24.71
2426,cvly,22.49
2427,ndls,6.98
2428,rdfn,24.33
2429,axsm,92.99
2430,syrs,8.75
2431,spex,1.18
2432,arkr,22.25
2433,disck,30.58
2434,liqt,6.4
2435,isbc,11.82
2436,uslm,93.96
2437,crox,43.17
2438,wina,201.96
2439,ccoi,73.76
2440,tnxp,1.5
2441,aimt,36.8
2442,tcrr,15
2443,mdb,152.91
2444,myok,76
2445,fonr,21.14
2446,prph,1.9
2447,blcm,2.19
2448,sgmo,8.97
2449,sdvy,22.18
2450,fll,3.31
2451,bset,16.79
2452,cacc,449.99
2453,bynd,110.84
2454,amsc,7.86
2455,fdus,14.96
2456,mhld,0.84
2457,rada,6.71
2458,rdnt,20.52
2459,mbrx,0.97
2460,fnko,15.15
2461,usmc,32.21
2462,ttec,43.18
2463,whlrd,15
2464,tlry,20.5
2465,caas,3.25
2466,hlg,67
2467,jcs,6.51
2468,itrn,26.05
2469,sanm,34.62
2470,ions,61.71
2471,fmciu,10.76
2472,hht,1.47
2473,mbuu,42.14
2474,nghc,22.86
2475,hifs,207.6
2476,alrm,45.54
2477,hrzn,13.38
2478,alacf,4.9
2479,dcom,20.36
2480,artna,38.8
2481,ccd,21.91
2482,love,13.86
2483,ibcp,22.68
2484,dxcm,236.19
2485,team,135.11
2486,lite,78.57
2487,cbnk,14.74
2488,mays,30
2489,oxlcm,25.6
2490,bili,23.11
2491,petz,1.65
2492,rcky,29.02
2493,srrk,10.9
2494,caba,16.39
2495,tbk,38.97
2496,kopn,0.49
2497,lpsn,41.44
2498,krma,24.3
2499,sphs,0.65
2500,iiin,24.43
2501,amtb,20.59
2502,cnat,0.42
2503,gogl,5.38
2504,ilpt,22.58
2505,xspa,0.61
2506,bdge,33.29
2507,meet,5.7
2508,hson,13.02
2509,prgx,4.54
2510,vtnr,1.8
2511,cats,17.27
2512,tcfcp,26.61
2513,rcii,30.77
2514,ctmx,7.61
2515,nihd,2.2
2516,cffn,14.03
2517,eq,4.82
2518,cemi,4
2519,jrvr,41.97
2520,rock,53.99
2521,fdbc,62.33
2522,evlo,4.29
2523,seneb,37.11
2524,ntgr,26.5
2525,atec,7.5
2526,trch,0.67
2527,mdco,84.96
2528,grow,1.34
2529,pcar,78.79
2530,hele,186.64
2531,cvgi,6.12
2532,stsa,18.9
2533,aubn,54.9
2534,llit,0.55
2535,prqr,8.38
2536,ssp,16.93
2537,csa,50.4
2538,samg,12.54
2539,qcom,93
2540,mcep,0.3
2541,mmsi,37.14
2542,icch,13.58
2543,cyrn,1.25
2544,whlrp,11.25
2545,muds,10.37
2546,asps,19.55
2547,pih,5.63
2548,stro,12.06
2549,wetf,4.27
2550,ntus,34.19
2551,mktx,370.45
2552,hlio,49.26
2553,iin,18.83
2554,tyme,2.01
2555,play,46.76
2556,gars,6.15
2557,fomx,4.78
2558,amwd,113.49
2559,tscbp,26.91
2560,gsit,8.6
2561,becn,36.5
2562,hckt,17.08
2563,rpay,15.87
2564,srcl,63.99
2565,iiiv,31.68
2566,agle,7.78
2567,cidm,0.71
2568,rfdi,60.51
2569,azrx,1.18
2570,izea,0.32
2571,mstr,147.47
2572,dyai,5.91
2573,cfa,57.88
2574,fsct,33.72
2575,cfbi,12.01
2576,agnco,25.8
2577,pid,17.53
2578,dwcr,28.79
2579,tzac,10.45
2580,myos,1.29
2581,aegn,22.5
2582,cfrx,1.05
2583,ino,3.44
2584,rrr,24.22
2585,esq,25.03
2586,ftek,0.94
2587,itci,26.64
2588,abus,3.07
2589,nuva,79.85
2590,fixd,52.03
2591,edry,6.96
2592,bcbp,13.84
2593,cgo,13.59
2594,atrs,4.47
2595,hope,14.91
2596,isdx,26.58
2597,epzm,25.86
2598,wix,143.39
2599,rcm,13.63
2600,wstg,16.39
2601,arwr,57.69
2602,ggal,15.26
2603,dweq,26.02
2604,bioc,0.35
2605,naii,9.32
2606,tyht,0.62
2607,cocp,0.64
2608,pega,86.41
2609,ter,70.55
2610,fcef,23.47
2611,pbfs,15.05
2612,artl,2.34
2613,chrs,19.96
2614,pi,31.44
2615,plce,65.81
2616,ibtx,54.47
2617,mtsc,50.76
2618,jfin,5.49
2619,msvb,13.43
2620,grin,6.58
2621,gpaqu,10.68
2622,gwgh,9.59
2623,sbph,2
2624,bpmc,81
2625,lulu,245.51
2626,ravn,35.7
2627,scph,5.44
2628,nghco,25.42
2629,imte,9.65
2630,rnwk,1.52
2631,sgma,4
2632,ewjv,25.94
2633,esta,27.94
2634,gyro,19
2635,espr,58.83
2636,pixy,15.35
2637,avxl,3.2
2638,lca,9.98
2639,wsbc,37.13
2640,arav,12.83
2641,cigi,83.08
2642,eri,61
2643,wter,1.67
2644,evok,1.6
2645,oxlco,25.51
2646,adbe,349
2647,ubio,34.13
2648,qtnt,8.65
2649,edsa,3.65
2650,fsea,9.43
2651,prft,49.97
2652,crnx,25.14
2653,snnaq,0.03
2654,teum,0.78
2655,swks,123.94
2656,cybe,24.47
2657,spt,19.16
2658,dwat,11.42
2659,eols,11.28
2660,mcft,15.25
2661,agys,27.79
2662,sint,1.63
2663,dbx,18.07
2664,amal,19.26
2665,sgh,34.94
2666,fami,0.81
2667,go,34.35
2668,cyrx,19.19
2669,crnt,2.25
2670,cdk,56.63
2671,actg,2.81
2672,tdac,10.52
2673,mcef,19.73
2674,ccne,32
2675,egov,22.83
2676,ps,20.17
2677,thor,68.05
2678,afin,13.25
2679,cznc,28.87
2680,hsic,69.56
2681,ozk,30.81
2682,elgx,1.96
2683,tcco,5.22
2684,atri,709.39
2685,plc,27.23
2686,mtch,91.98
2687,epix,5.75
2688,eqix,594
2689,lbc,11.79
2690,dvax,6.27
2691,agnc,18.24
2692,hibb,27.52
2693,osmt,5.67
2694,tmdi,0.52
2695,bimi,2.65
2696,rost,118.21
2697,laur,18.21
2698,bry,8.44
2699,vtiq,10.35
2700,amtbb,15.51
2701,rnst,35.83
2702,ziono,28.43
2703,oxfd,16.24
2704,pbct,16.25
2705,winc,25.93
2706,onct,4.12
2707,rcmt,2.84
2708,bkep,1.21
2709,fstr,20.51
2710,bdsi,6.04
2711,atsg,23.91
2712,mpb,28.24
2713,kpti,18.44
2714,lcahu,10.22
2715,cncr,23.6
2716,llnw,5.28
2717,sanw,2.18
2718,aaoi,14.58
2719,cifs,1.08
2720,smsi,5.06
2721,gass,3.37
2722,sbac,250.7
2723,vxrt,0.4
2724,chfs,1.09
2725,nmci,1.81
2726,mdca,2.65
2727,mcbs,19
2728,lorl,33.63
2729,afinp,25.21
2730,edtx,10.29
2731,otic,3.56
2732,gnft,20.49
2733,cdxs,18.61
2734,seco,6.95
2735,mcrb,3.51
2736,mreo,2.16
2737,blue,97.57
2738,civb,23.73
2739,aihs,0.67
2740,fraf,37.83
2741,stra,162.82
2742,amd,50.2
2743,usoi,20.66
2744,ssss,6.81
2745,chtr,512.03
2746,banx,22.77
2747,agncm,25.97
2748,cfbk,14.06
2749,bfc,67.07
2750,bsrr,27.98
2751,audc,28.22
2752,seel,1.46
2753,hhhhu,10.62
2754,ndra,1.86
2755,ntrp,1.18
2756,vigi,74.01
2757,wldn,35.28
2758,can,5.8
2759,cdna,23.72
2760,tree,311.1
2761,prta,15.54
2762,svc,24.04
2763,biib,287.32
2764,stfc,31.62
2765,sqlv,28.25
2766,tusk,1.79
2767,cash,37.68
2768,lark,25.17
2769,ddog,41.2
2770,tpic,20.58
2771,frgi,10.86
2772,tgls,7.9
2773,pten,10.05
2774,strm,1.28
2775,pgnx,4.78
2776,cfo,53.83
2777,dcix,0.8
2778,nksh,43.28
2779,amtx,0.86
2780,tcrd,6.36
2781,osis,101.33
2782,gnty,32.61
2783,tlsa,2.81
2784,rare,61.75
2785,cron,8.19
2786,fizz,46.37
2787,susc,26.66
2788,praa,37.3
2789,amat,63.79
2790,fsfg,64.77
2791,ards,7.37
2792,payx,88.2
2793,esbk,16.4
2794,vrnt,58.94
2795,sy,14.52
2796,hmhc,6.45
2797,slgg,3.55
2798,slct,12.01
2799,bbcp,5.15
2800,fldm,3.95
2801,finx,31.92
2802,harp,14.99
2803,mrvl,28.5
2804,orrf,22.8
2805,ulh,19.26
2806,ruth,22.28
2807,bhat,1.98
2808,tgtx,14.53
2809,clbs,3.17
2810,ogi,3.38
2811,avdl,7.6
2812,lind,17.75
2813,glpi,45.31
2814,dhil,143.55
2815,hees,31.55
2816,morf,20.28
2817,mist,18.6
2818,clrb,2.44
2819,kura,13.08
2820,snd,2.26
2821,ylde,33.65
2822,gcbc,29.45
2823,hero,17.48
2824,avgr,1.07
2825,nvec,71.46
2826,plmr,49.13
2827,zm,76.66
2828,skys,1.46
2829,arow,37.69
2830,gern,1.46
2831,clgn,10.78
2832,rfil,6.9
2833,cetv,4.51
2834,iboc,43.45
2835,paas,21.79
2836,mdlz,55.14
2837,lmfa,0.79
2838,wisa,0.54
2839,sabr,23.17
2840,xbio,1.51
2841,jobs,91.56
2842,sybt,41.16
2843,nodk,16.18
2844,avgop,1146.83
2845,usap,14.3
2846,tact,10.81
2847,atni,56.59
2848,idya,10.04
2849,eric,9.09
2850,mlhr,41.51
2851,ppc,29.93
2852,srne,4.41
2853,dzsi,10.31
2854,adp,176.03
2855,meoh,39.67
2856,myrg,32.17
2857,hcap,8.93
2858,itmr,15.08
2859,shbi,16.73
2860,sybx,3.33
2861,ljpc,8.03
2862,domo,25.38
2863,urbn,26.91
2864,potx,17
2865,nvda,249.7
2866,xelb,1.45
2867,safm,162.05
2868,blmn,22.2
2869,mara,0.99
2870,qtrx,24.41
2871,hstm,27.95
2872,efbi,16.05
2873,amkr,13.35
2874,vrsn,214.04
2875,tril,2.8
2876,midd,109.57
2877,cswi,79.89
2878,wwr,2.36
2879,mbot,12
2880,egrx,59.79
2881,vctr,21.82
2882,tivo,8.49
2883,bsmt,25.24
2884,ftxg,22.24
2885,mrns,2.34
2886,lk,49.15
2887,hx,0.65
2888,trow,132.49
2889,appf,123.58
2890,kmda,6.41
2891,zixi,8.11
2892,mbinp,27.44
2893,acor,2.18
2894,ofs,11.31
2895,ltrpa,7.76
2896,gmab,22.62
2897,doyu,9.09
2898,qrteb,8.69
2899,pcyo,12.7
2900,snsr,24.19
2901,wvfc,16.66
2902,pth,96.56
2903,nfty,35.73
2904,prnb,57.76
2905,mbio,4.52
2906,bcom,1.6
2907,nymtn,25.62
2908,tipt,7.93
2909,nwl,20.3
2910,pacw,37.72
2911,amhcu,10.44
2912,bsml,25.15
2913,qrvo,114.59
2914,osbc,13
2915,patk,56.15
2916,orbc,4.29
2917,daio,4.21
2918,cuba,6.81
2919,hall,18.5
2920,cil,40.18
2921,veru,4.1
2922,rmcf,8.87
2923,insg,8.5
2924,pfi,39.96
2925,hhhh,10.3
2926,nxtc,53.32
2927,nfbk,16.85
2928,thff,44.75
2929,crto,14.08
2930,thcbu,10.6
2931,ehth,94.32
2932,sito,0.29
2933,exc,46.96
2934,oflx,109.75
2935,xel,65.16
2936,dlpn,0.77
2937,fisv,120.79
2938,allk,84.85
2939,pfbi,17.84
2940,ctas,287.69
2941,ford,1.1
2942,jnce,7.53
2943,oss,2.08
2944,flir,54.42
2945,arna,46.69
2946,regn,386.1
2947,clbk,17
2948,scon,0.21
2949,hbp,1.45
2950,atos,1.52
2951,asna,6.28
2952,trmk,34.84
2953,reta,218.19
2954,ptnr,4.19
2955,nati,46.45
2956,very,12.17
2957,jd,39.83
2958,tenx,1.28
2959,lsxmk,50.24
2960,ospn,20.36
2961,fitbi,28.89
2962,dwin,25.94
2963,faro,56.21
2964,hds,40.71
2965,fwonk,47.75
2966,crvs,5.43
2967,tblt,0.35
2968,mtls,18.84
2969,camt,12.73
2970,pirs,3.39
2971,aqst,4.14
2972,omex,4.35
2973,roic,17.23
2974,nbl,23.61
2975,nrim,39.06
2976,lmat,37
2977,mik,6.46
2978,xpel,14.79
2979,entx,2.77
